{"cameraMode":{"drawMode":0,"name":"Shaded","section":"Shading Mode"},"sceneLighting":true,"audioPlay":false,"sceneViewState":{"showFog":false,"showMaterialUpdate":false,"showSkybox":false,"showFlares":false,"showImageEffects":false,"showParticleSystems":false,"showVisualEffectGraphs":true,"m_FxEnabled":true},"in2DMode":false,"pivot":{"x":0.11056067794561386,"y":1.8042621612548829,"z":0.9632052779197693},"rotation":{"x":0.016042931005358697,"y":0.9829463362693787,"z":-0.1050814762711525,"w":0.15006646513938905},"size":0.6150797605514526,"orthographic":false}